,country,g77_and_oecd_countries,income_3groups,income_groups,is--country,iso3166_1_alpha2,iso3166_1_alpha3,iso3166_1_numeric,iso3166_2,landlocked,latitude,longitude,main_religion_2008,name,un_state,unicef_region,unicode_region_subtag,world_4region,world_6region
0,abkh,others,,,True,,,,,,,,,Abkhazia,False,,,europe,europe_central_asia
1,abw,others,high_income,high_income,True,AW,ABW,533.0,,coastline,12.5,-69.96667,christian,Aruba,False,,AW,americas,america
2,afg,g77,low_income,low_income,True,AF,AFG,4.0,,landlocked,33.0,66.0,muslim,Afghanistan,True,sa,AF,asia,south_asia
3,ago,g77,middle_income,lower_middle_income,True,AO,AGO,24.0,,coastline,-12.5,18.5,christian,Angola,True,ssa,AO,africa,sub_saharan_africa
4,aia,others,,,True,AI,AIA,660.0,,coastline,18.21667,-63.05,christian,Anguilla,False,,AI,americas,america
5,akr_a_dhe,others,,,True,,,,,coastline,,,,Akrotiri and Dhekelia,False,,,europe,europe_central_asia
6,ala,others,,,True,AX,ALA,248.0,,coastline,60.25,20.0,,Åland,False,,AX,europe,europe_central_asia
7,alb,others,middle_income,upper_middle_income,True,AL,ALB,8.0,,coastline,41.0,20.0,muslim,Albania,True,eca,AL,europe,europe_central_asia
8,and,others,high_income,high_income,True,AD,AND,20.0,,landlocked,42.50779,1.52109,christian,Andorra,True,eca,AD,europe,europe_central_asia
9,ant,others,,,True,,,,,coastline,,,,Netherlands Antilles,False,,,americas,america
10,are,g77,high_income,high_income,True,AE,ARE,784.0,,coastline,23.75,54.5,muslim,United Arab Emirates,True,mena,AE,asia,middle_east_north_africa
11,arg,g77,middle_income,upper_middle_income,True,AR,ARG,32.0,,coastline,-34.0,-64.0,christian,Argentina,True,lac,AR,americas,america
12,arm,others,middle_income,upper_middle_income,True,AM,ARM,51.0,,landlocked,40.25,45.0,christian,Armenia,True,eca,AM,europe,europe_central_asia
13,asm,others,middle_income,upper_middle_income,True,AS,ASM,16.0,,coastline,-11.056,-171.082,christian,American Samoa,False,,AS,asia,east_asia_pacific
14,ata,,,,True,AQ,ATA,10.0,,,-90.0,0.0,,Antarctica,False,,AQ,europe,
15,atg,g77,high_income,high_income,True,AG,ATG,28.0,,coastline,17.05,-61.8,christian,Antigua and Barbuda,True,lac,AG,americas,america
16,aus,oecd,high_income,high_income,True,AU,AUS,36.0,,coastline,-25.0,135.0,christian,Australia,True,eap,AU,asia,east_asia_pacific
17,aut,oecd,high_income,high_income,True,AT,AUT,40.0,,landlocked,47.33333,13.33333,christian,Austria,True,eca,AT,europe,europe_central_asia
18,aze,others,middle_income,upper_middle_income,True,AZ,AZE,31.0,,landlocked,40.5,47.5,muslim,Azerbaijan,True,eca,AZ,europe,europe_central_asia
19,bdi,g77,low_income,low_income,True,BI,BDI,108.0,,landlocked,-3.5,30.0,christian,Burundi,True,ssa,BI,africa,sub_saharan_africa
20,bel,oecd,high_income,high_income,True,BE,BEL,56.0,,coastline,50.75,4.5,christian,Belgium,True,eca,BE,europe,europe_central_asia
21,ben,g77,low_income,low_income,True,BJ,BEN,204.0,,coastline,9.5,2.25,,Benin,True,ssa,BJ,africa,sub_saharan_africa
22,bfa,g77,low_income,low_income,True,BF,BFA,854.0,,landlocked,12.5,-1.66667,muslim,Burkina Faso,True,ssa,BF,africa,sub_saharan_africa
23,bgd,g77,middle_income,lower_middle_income,True,BD,BGD,50.0,,coastline,24.0,90.0,muslim,Bangladesh,True,sa,BD,asia,south_asia
24,bgr,others,middle_income,upper_middle_income,True,BG,BGR,100.0,,coastline,42.66667,25.25,christian,Bulgaria,True,eca,BG,europe,europe_central_asia
25,bhr,g77,high_income,high_income,True,BH,BHR,48.0,,coastline,26.03333,50.55,muslim,Bahrain,True,mena,BH,asia,middle_east_north_africa
26,bhs,g77,high_income,high_income,True,BS,BHS,44.0,,coastline,25.04082,-77.37122,christian,Bahamas,True,lac,BS,americas,america
27,bih,g77,middle_income,upper_middle_income,True,BA,BIH,70.0,,coastline,44.25,17.83333,,Bosnia and Herzegovina,True,eca,BA,europe,europe_central_asia
28,blr,others,middle_income,upper_middle_income,True,BY,BLR,112.0,,landlocked,53.0,28.0,christian,Belarus,True,eca,BY,europe,europe_central_asia
29,blz,g77,middle_income,upper_middle_income,True,BZ,BLZ,84.0,,coastline,17.49952,-88.19756,christian,Belize,True,lac,BZ,americas,america
30,bmu,others,high_income,high_income,True,BM,BMU,60.0,,coastline,32.2949,-64.78303,christian,Bermuda,False,,BM,americas,america
31,bol,g77,middle_income,lower_middle_income,True,BO,BOL,68.0,,landlocked,-17.0,-65.0,christian,Bolivia,True,lac,BO,americas,america
32,bouisl,,,,True,BV,BVT,74.0,,,,,,Bouvet Island,False,,BV,africa,
33,bra,g77,middle_income,upper_middle_income,True,BR,BRA,76.0,,coastline,-10.0,-55.0,christian,Brazil,True,lac,BR,americas,america
34,brb,g77,high_income,high_income,True,BB,BRB,52.0,,coastline,13.16667,-59.53333,christian,Barbados,True,lac,BB,americas,america
35,brn,g77,high_income,high_income,True,BN,BRN,96.0,,coastline,4.5,114.66667,muslim,Brunei,True,eap,BN,asia,east_asia_pacific
36,btn,g77,middle_income,lower_middle_income,True,BT,BTN,64.0,,landlocked,27.5,90.5,eastern_religions,Bhutan,True,sa,BT,asia,south_asia
37,bwa,g77,middle_income,upper_middle_income,True,BW,BWA,72.0,,landlocked,-22.0,24.0,christian,Botswana,True,ssa,BW,africa,sub_saharan_africa
38,caf,g77,low_income,low_income,True,CF,CAF,140.0,,landlocked,7.0,21.0,,Central African Republic,True,ssa,CF,africa,sub_saharan_africa
39,can,oecd,high_income,high_income,True,CA,CAN,124.0,,coastline,60.10867,-113.64258,christian,Canada,True,na,CA,americas,america
40,cck,others,,,True,CC,CCK,166.0,,coastline,-12.1642,96.87332,,Cocos Island,False,,CC,asia,east_asia_pacific
41,chanisl,others,high_income,high_income,True,,,,,coastline,,,christian,Channel Islands,False,,,europe,europe_central_asia
42,che,oecd,high_income,high_income,True,CH,CHE,756.0,,landlocked,47.00016,8.01427,christian,Switzerland,True,eca,CH,europe,europe_central_asia
43,cheslo,others,,,True,,,,,landlocked,,,,Czechoslovakia,False,,,europe,europe_central_asia
44,chl,g77,high_income,high_income,True,CL,CHL,152.0,,coastline,-33.45694,-70.64827,christian,Chile,True,lac,CL,americas,america
45,chn,g77,middle_income,upper_middle_income,True,CN,CHN,156.0,,coastline,35.0,105.0,eastern_religions,China,True,eap,CN,asia,east_asia_pacific
46,civ,g77,middle_income,lower_middle_income,True,CI,CIV,384.0,,coastline,8.0,-5.5,,Cote d'Ivoire,True,ssa,CI,africa,sub_saharan_africa
47,cmr,g77,middle_income,lower_middle_income,True,CM,CMR,120.0,,coastline,6.0,12.5,christian,Cameroon,True,ssa,CM,africa,sub_saharan_africa
48,cod,g77,low_income,low_income,True,CD,COD,180.0,,landlocked,-2.5,23.5,christian,"Congo, Dem. Rep.",True,ssa,CD,africa,sub_saharan_africa
49,cog,g77,middle_income,lower_middle_income,True,CG,COG,178.0,,coastline,-1.0,15.5,christian,"Congo, Rep.",True,ssa,CG,africa,sub_saharan_africa
50,cok,others,,,True,CK,COK,184.0,,coastline,-21.24842,-159.78516,christian,Cook Is,False,,CK,asia,east_asia_pacific
51,col,g77,middle_income,upper_middle_income,True,CO,COL,170.0,,coastline,4.0,-73.25,christian,Colombia,True,lac,CO,americas,america
52,com,g77,middle_income,lower_middle_income,True,KM,COM,174.0,,coastline,-12.23333,44.44553,muslim,Comoros,True,ssa,KM,africa,sub_saharan_africa
53,cpv,g77,middle_income,lower_middle_income,True,CV,CPV,132.0,,coastline,16.0,-24.0,christian,Cape Verde,True,ssa,CV,africa,sub_saharan_africa
54,cri,g77,middle_income,upper_middle_income,True,CR,CRI,188.0,,coastline,10.0,-84.0,christian,Costa Rica,True,lac,CR,americas,america
55,cub,g77,middle_income,upper_middle_income,True,CU,CUB,192.0,,coastline,22.0,-79.5,christian,Cuba,True,lac,CU,americas,america
56,cxr,others,,,True,CX,CXR,162.0,,coastline,-10.5,105.66667,,Christmas Island,False,,CX,asia,east_asia_pacific
57,cym,others,high_income,high_income,True,KY,CYM,136.0,,coastline,19.5,-80.66667,christian,Cayman Islands,False,,KY,americas,america
58,cyp,others,high_income,high_income,True,CY,CYP,196.0,,coastline,35.0,33.0,christian,Cyprus,True,eca,CY,europe,europe_central_asia
59,cyp_nor,others,,,True,,,,,coastline,,,,Northern Cyprus,False,,,europe,europe_central_asia
60,cze,oecd,high_income,high_income,True,CZ,CZE,203.0,,landlocked,49.75,15.0,christian,Czech Republic,True,eca,CZ,europe,europe_central_asia
61,deu,oecd,high_income,high_income,True,DE,DEU,276.0,,coastline,51.5,10.5,christian,Germany,True,eca,DE,europe,europe_central_asia
62,deu_east,others,,,True,,,,,coastline,,,,East Germany,False,,,europe,europe_central_asia
63,deu_west,others,,,True,,,,,coastline,,,,West Germany,False,,,europe,europe_central_asia
64,dji,g77,middle_income,lower_middle_income,True,DJ,DJI,262.0,,coastline,11.58901,43.14503,muslim,Djibouti,True,ssa,DJ,africa,middle_east_north_africa
65,dma,g77,middle_income,upper_middle_income,True,DM,DMA,212.0,,coastline,15.5,-61.33333,christian,Dominica,True,lac,DM,americas,america
66,dnk,oecd,high_income,high_income,True,DK,DNK,208.0,,coastline,56.0,10.0,christian,Denmark,True,eca,DK,europe,europe_central_asia
67,dom,g77,middle_income,upper_middle_income,True,DO,DOM,214.0,,coastline,19.0,-70.66667,christian,Dominican Republic,True,lac,DO,americas,america
68,dza,g77,middle_income,upper_middle_income,True,DZ,DZA,12.0,,coastline,28.0,3.0,muslim,Algeria,True,mena,DZ,africa,middle_east_north_africa
69,ecu,g77,middle_income,upper_middle_income,True,EC,ECU,218.0,,coastline,-1.25,-78.25,christian,Ecuador,True,lac,EC,americas,america
70,egy,g77,middle_income,lower_middle_income,True,EG,EGY,818.0,,coastline,27.0,30.0,muslim,Egypt,True,mena,EG,africa,middle_east_north_africa
71,eri,g77,low_income,low_income,True,ER,ERI,232.0,,coastline,15.0,39.0,muslim,Eritrea,True,ssa,ER,africa,sub_saharan_africa
72,eri_a_eth,others,,,True,,,,,coastline,,,,Eritrea and Ethiopia,False,,,africa,sub_saharan_africa
73,esh,others,,,True,EH,ESH,732.0,,coastline,24.49215,-12.65625,muslim,Western Sahara,False,,EH,africa,middle_east_north_africa
74,esp,oecd,high_income,high_income,True,ES,ESP,724.0,,coastline,40.0,-4.0,christian,Spain,True,eca,ES,europe,europe_central_asia
75,est,others,high_income,high_income,True,EE,EST,233.0,,coastline,59.0,26.0,christian,Estonia,True,eca,EE,europe,europe_central_asia
76,eth,g77,low_income,low_income,True,ET,ETH,231.0,,coastline,9.0,39.5,christian,Ethiopia,True,ssa,ET,africa,sub_saharan_africa
77,fin,oecd,high_income,high_income,True,FI,FIN,246.0,,coastline,64.0,26.0,christian,Finland,True,eca,FI,europe,europe_central_asia
78,fji,g77,middle_income,upper_middle_income,True,FJ,FJI,242.0,,coastline,-18.0,178.0,christian,Fiji,True,eap,FJ,asia,east_asia_pacific
79,flk,others,,,True,FK,FLK,238.0,,coastline,-51.75,-59.16667,christian,Falkland Is (Malvinas),False,,FK,americas,america
80,fra,oecd,high_income,high_income,True,FR,FRA,250.0,,coastline,46.0,2.0,christian,France,True,eca,FR,europe,europe_central_asia
81,fra_antarc,,,,True,,,,,,,,,French Southern and Antarctic Lands,False,,,,
82,fra_clipperton,,,,True,,,,,,,,,Clipperton,False,,CP,,
83,fro,others,high_income,high_income,True,FO,FRO,234.0,,coastline,62.0,-7.0,christian,Faeroe Islands,False,,FO,europe,europe_central_asia
84,fsm,g77,middle_income,lower_middle_income,True,FM,FSM,583.0,,coastline,6.924,158.162,christian,"Micronesia, Fed. Sts.",True,eap,FM,asia,east_asia_pacific
85,gab,g77,middle_income,upper_middle_income,True,GA,GAB,266.0,,coastline,-1.0,11.75,christian,Gabon,True,ssa,GA,africa,sub_saharan_africa
86,gbg,others,,,True,GG,GGY,831.0,,coastline,49.45474,-2.57629,,Guernsey,False,,GG,europe,europe_central_asia
87,gbm,others,high_income,high_income,True,IM,IMN,833.0,,coastline,54.15,-4.48333,christian,Isle of Man,False,,IM,europe,europe_central_asia
88,gbr,oecd,high_income,high_income,True,GB,GBR,826.0,,coastline,54.75844,-2.69531,christian,United Kingdom,True,eca,GB,europe,europe_central_asia
89,geo,others,middle_income,upper_middle_income,True,GE,GEO,268.0,,coastline,41.99998,43.4999,christian,Georgia,True,eca,GE,europe,europe_central_asia
90,gha,g77,middle_income,lower_middle_income,True,GH,GHA,288.0,,coastline,8.1,-1.2,christian,Ghana,True,ssa,GH,africa,sub_saharan_africa
91,gib,others,high_income,high_income,True,GI,GIB,292.0,,coastline,36.14474,-5.35257,christian,Gibraltar,False,,GI,europe,europe_central_asia
92,gin,g77,low_income,low_income,True,GN,GIN,324.0,,coastline,10.83333,-10.66667,muslim,Guinea,True,ssa,GN,africa,sub_saharan_africa
93,glp,others,,,True,GP,GLP,312.0,,coastline,16.25,-61.58333,christian,Guadeloupe,False,,GP,americas,america
94,gmb,g77,low_income,low_income,True,GM,GMB,270.0,,coastline,13.5,-15.5,muslim,Gambia,True,ssa,GM,africa,sub_saharan_africa
95,gnb,g77,low_income,low_income,True,GW,GNB,624.0,,coastline,12.0,-15.0,,Guinea-Bissau,True,ssa,GW,africa,sub_saharan_africa
96,gnq,g77,middle_income,upper_middle_income,True,GQ,GNQ,226.0,,coastline,1.7,10.5,christian,Equatorial Guinea,True,ssa,GQ,africa,sub_saharan_africa
97,grc,oecd,high_income,high_income,True,GR,GRC,300.0,,coastline,39.0,22.0,christian,Greece,True,eca,GR,europe,europe_central_asia
98,grd,g77,middle_income,upper_middle_income,True,GD,GRD,308.0,,coastline,12.11667,-61.66667,christian,Grenada,True,lac,GD,americas,america
99,grl,others,high_income,high_income,True,GL,GRL,304.0,,coastline,72.0,-40.0,christian,Greenland,False,,GL,europe,europe_central_asia
100,gtm,g77,middle_income,upper_middle_income,True,GT,GTM,320.0,,coastline,14.64072,-90.51327,christian,Guatemala,True,lac,GT,americas,america
101,guf,others,,,True,GF,GUF,254.0,,coastline,4.0,-53.0,christian,French Guiana,False,,GF,americas,america
102,gum,others,high_income,high_income,True,GU,GUM,316.0,,coastline,13.47861,144.81834,christian,Guam,False,,GU,asia,east_asia_pacific
103,guy,g77,middle_income,upper_middle_income,True,GY,GUY,328.0,,coastline,5.0,-59.0,christian,Guyana,True,lac,GY,americas,america
104,heard_a_mcd,,,,True,HM,HMD,334.0,,,,,,Heard and McDonald Islands,False,,HM,asia,
105,hkg,others,high_income,high_income,True,HK,HKG,344.0,,coastline,22.28552,114.15769,eastern_religions,"Hong Kong, China",False,,HK,asia,east_asia_pacific
106,hnd,g77,middle_income,lower_middle_income,True,HN,HND,340.0,,coastline,15.0,-86.5,christian,Honduras,True,lac,HN,americas,america
107,hos,others,,,True,VA,VAT,336.0,,landlocked,41.90236,12.45332,christian,Holy See,True,eca,VA,europe,europe_central_asia
108,hrv,others,high_income,high_income,True,HR,HRV,191.0,,coastline,45.16667,15.5,christian,Croatia,True,eca,HR,europe,europe_central_asia
109,hti,g77,low_income,low_income,True,HT,HTI,332.0,,coastline,19.0,-72.41667,christian,Haiti,True,lac,HT,americas,america
110,hun,oecd,high_income,high_income,True,HU,HUN,348.0,,landlocked,47.0,20.0,christian,Hungary,True,eca,HU,europe,europe_central_asia
111,idn,g77,middle_income,lower_middle_income,True,ID,IDN,360.0,,coastline,-5.0,120.0,muslim,Indonesia,True,eap,ID,asia,east_asia_pacific
112,ind,g77,middle_income,lower_middle_income,True,IN,IND,356.0,,coastline,22.0,79.0,eastern_religions,India,True,sa,IN,asia,south_asia
113,iot,,,,True,IO,IOT,86.0,,,-6.0,72.0,,British Indian Ocean Territory,False,,IO,asia,
114,irl,oecd,high_income,high_income,True,IE,IRL,372.0,,coastline,53.0,-8.0,christian,Ireland,True,eca,IE,europe,europe_central_asia
115,irn,g77,middle_income,upper_middle_income,True,IR,IRN,364.0,,coastline,32.0,53.0,muslim,Iran,True,mena,IR,asia,middle_east_north_africa
116,irq,g77,middle_income,upper_middle_income,True,IQ,IRQ,368.0,,coastline,33.0,44.0,muslim,Iraq,True,mena,IQ,asia,middle_east_north_africa
117,isl,oecd,high_income,high_income,True,IS,ISL,352.0,,coastline,65.0,-18.0,christian,Iceland,True,eca,IS,europe,europe_central_asia
118,isr,oecd,high_income,high_income,True,IL,ISR,376.0,,coastline,31.5,34.75,,Israel,True,mena,IL,asia,middle_east_north_africa
119,ita,oecd,high_income,high_income,True,IT,ITA,380.0,,coastline,42.83333,12.83333,christian,Italy,True,eca,IT,europe,europe_central_asia
120,jam,g77,middle_income,upper_middle_income,True,JM,JAM,388.0,,coastline,18.16667,-77.25,christian,Jamaica,True,lac,JM,americas,america
121,jey,others,,,True,JE,JEY,832.0,,coastline,49.21667,-2.11667,,Jersey,False,,JE,europe,europe_central_asia
122,jor,g77,middle_income,upper_middle_income,True,JO,JOR,400.0,,coastline,31.0,36.0,muslim,Jordan,True,mena,JO,asia,middle_east_north_africa
123,jpn,oecd,high_income,high_income,True,JP,JPN,392.0,,coastline,35.68536,139.75309,eastern_religions,Japan,True,eap,JP,asia,east_asia_pacific
124,kaz,others,middle_income,upper_middle_income,True,KZ,KAZ,398.0,,landlocked,48.0,68.0,muslim,Kazakhstan,True,eca,KZ,asia,europe_central_asia
125,ken,g77,middle_income,lower_middle_income,True,KE,KEN,404.0,,coastline,1.0,38.0,christian,Kenya,True,ssa,KE,africa,sub_saharan_africa
126,kgz,others,middle_income,lower_middle_income,True,KG,KGZ,417.0,,landlocked,41.5,75.0,muslim,Kyrgyz Republic,True,eca,KG,asia,europe_central_asia
127,khm,g77,middle_income,lower_middle_income,True,KH,KHM,116.0,,coastline,13.0,105.0,eastern_religions,Cambodia,True,eap,KH,asia,east_asia_pacific
128,kir,others,middle_income,lower_middle_income,True,KI,KIR,296.0,,coastline,1.421,172.984,christian,Kiribati,True,eap,KI,asia,east_asia_pacific
129,kna,g77,high_income,high_income,True,KN,KNA,659.0,,coastline,17.33333,-62.75,christian,St. Kitts and Nevis,True,lac,KN,americas,america
130,kor,oecd,high_income,high_income,True,KR,KOR,410.0,,coastline,36.5,127.75,,South Korea,True,eap,KR,asia,east_asia_pacific
131,korea_union,,,,True,,,,,,,,,United Korea (former),False,,,asia,
132,kos,others,middle_income,upper_middle_income,True,,,,,landlocked,,,muslim,Kosovo,False,,XK,europe,europe_central_asia
133,kwt,g77,high_income,high_income,True,KW,KWT,414.0,,coastline,29.36972,47.97833,muslim,Kuwait,True,mena,KW,asia,middle_east_north_africa
134,lao,g77,middle_income,lower_middle_income,True,LA,LAO,418.0,,landlocked,18.0,105.0,eastern_religions,Lao,True,eap,LA,asia,east_asia_pacific
135,lbn,g77,middle_income,upper_middle_income,True,LB,LBN,422.0,,coastline,33.83333,35.83333,,Lebanon,True,mena,LB,asia,middle_east_north_africa
136,lbr,g77,low_income,low_income,True,LR,LBR,430.0,,coastline,6.5,-9.5,,Liberia,True,ssa,LR,africa,sub_saharan_africa
137,lby,g77,middle_income,upper_middle_income,True,LY,LBY,434.0,,coastline,28.0,17.0,muslim,Libya,True,mena,LY,africa,middle_east_north_africa
138,lca,g77,middle_income,upper_middle_income,True,LC,LCA,662.0,,coastline,13.88333,-60.96667,christian,St. Lucia,True,lac,LC,americas,america
139,lie,others,high_income,high_income,True,LI,LIE,438.0,,landlocked,47.16667,9.53333,christian,Liechtenstein,True,eca,LI,europe,europe_central_asia
140,lka,g77,middle_income,upper_middle_income,True,LK,LKA,144.0,,coastline,7.75,80.75,eastern_religions,Sri Lanka,True,sa,LK,asia,south_asia
141,lso,g77,middle_income,lower_middle_income,True,LS,LSO,426.0,,landlocked,-29.5,28.25,christian,Lesotho,True,ssa,LS,africa,sub_saharan_africa
142,ltu,others,high_income,high_income,True,LT,LTU,440.0,,coastline,55.41667,24.0,christian,Lithuania,True,eca,LT,europe,europe_central_asia
143,lux,oecd,high_income,high_income,True,LU,LUX,442.0,,landlocked,49.61167,6.13,christian,Luxembourg,True,eca,LU,europe,europe_central_asia
144,lva,others,high_income,high_income,True,LV,LVA,428.0,,coastline,57.0,25.0,christian,Latvia,True,eca,LV,europe,europe_central_asia
145,mac,others,high_income,high_income,True,MO,MAC,446.0,,coastline,22.20056,113.54611,eastern_religions,"Macao, China",False,,MO,asia,east_asia_pacific
146,maf,,high_income,high_income,True,MF,MAF,663.0,,,,,,St. Martin (French part),False,,MF,americas,
147,mar,g77,middle_income,lower_middle_income,True,MA,MAR,504.0,,coastline,32.0,-6.0,muslim,Morocco,True,mena,MA,africa,middle_east_north_africa
148,mco,others,high_income,high_income,True,MC,MCO,492.0,,coastline,43.73333,7.41667,christian,Monaco,True,eca,MC,europe,europe_central_asia
149,mda,others,middle_income,lower_middle_income,True,MD,MDA,498.0,,landlocked,47.25,28.58333,christian,Moldova,True,eca,MD,europe,europe_central_asia
150,mdg,g77,low_income,low_income,True,MG,MDG,450.0,,coastline,-20.0,47.0,,Madagascar,True,ssa,MG,africa,sub_saharan_africa
151,mdv,g77,middle_income,upper_middle_income,True,MV,MDV,462.0,,coastline,3.2,73.0,muslim,Maldives,True,sa,MV,asia,south_asia
152,mex,oecd,middle_income,upper_middle_income,True,MX,MEX,484.0,,coastline,19.42847,-99.12766,christian,Mexico,True,lac,MX,americas,america
153,mhl,g77,middle_income,upper_middle_income,True,MH,MHL,584.0,,coastline,7.113,171.236,christian,Marshall Islands,True,eap,MH,asia,east_asia_pacific
154,mkd,others,middle_income,upper_middle_income,True,MK,MKD,807.0,,landlocked,41.66667,21.75,christian,North Macedonia,True,eca,MK,europe,europe_central_asia
155,mli,g77,low_income,low_income,True,ML,MLI,466.0,,landlocked,18.0,-2.0,muslim,Mali,True,ssa,ML,africa,sub_saharan_africa
156,mlt,others,high_income,high_income,True,MT,MLT,470.0,,coastline,35.91667,14.43333,christian,Malta,True,eca,MT,europe,europe_central_asia
157,mmr,g77,middle_income,lower_middle_income,True,MM,MMR,104.0,,coastline,21.0,96.0,eastern_religions,Myanmar,True,eap,MM,asia,east_asia_pacific
158,mne,others,middle_income,upper_middle_income,True,ME,MNE,499.0,,coastline,42.75,19.25,christian,Montenegro,True,eca,ME,europe,europe_central_asia
159,mng,g77,middle_income,lower_middle_income,True,MN,MNG,496.0,,landlocked,46.0,105.0,,Mongolia,True,eap,MN,asia,east_asia_pacific
160,mnp,others,high_income,high_income,True,MP,MNP,580.0,,coastline,15.214,145.756,christian,Northern Mariana Islands,False,,MP,asia,east_asia_pacific
161,moz,g77,low_income,low_income,True,MZ,MOZ,508.0,,coastline,-18.25,35.0,christian,Mozambique,True,ssa,MZ,africa,sub_saharan_africa
162,mrt,g77,middle_income,lower_middle_income,True,MR,MRT,478.0,,coastline,20.25,-10.5,muslim,Mauritania,True,ssa,MR,africa,sub_saharan_africa
163,msr,others,,,True,MS,MSR,500.0,,coastline,16.75,-62.2,christian,Montserrat,False,,MS,americas,america
164,mtq,others,,,True,MQ,MTQ,474.0,,coastline,14.66667,-61.0,christian,Martinique,False,,MQ,americas,america
165,mus,g77,middle_income,upper_middle_income,True,MU,MUS,480.0,,coastline,-20.3,57.58333,,Mauritius,True,ssa,MU,africa,sub_saharan_africa
166,mwi,g77,low_income,low_income,True,MW,MWI,454.0,,landlocked,-13.5,34.0,christian,Malawi,True,ssa,MW,africa,sub_saharan_africa
167,mys,g77,middle_income,upper_middle_income,True,MY,MYS,458.0,,coastline,2.5,112.5,muslim,Malaysia,True,eap,MY,asia,east_asia_pacific
168,myt,others,,,True,YT,MYT,175.0,,coastline,-12.83333,45.16667,muslim,Mayotte,False,,YT,africa,sub_saharan_africa
169,nam,g77,middle_income,upper_middle_income,True,,NAM,516.0,,coastline,-22.0,17.0,christian,Namibia,True,ssa,,africa,sub_saharan_africa
170,ncl,others,high_income,high_income,True,NC,NCL,540.0,,coastline,-21.5,165.5,christian,New Caledonia,False,,NC,asia,east_asia_pacific
171,ner,g77,low_income,low_income,True,NE,NER,562.0,,landlocked,18.0,9.0,muslim,Niger,True,ssa,NE,africa,sub_saharan_africa
172,nfk,others,,,True,NF,NFK,574.0,,coastline,-29.03333,167.95,,Norfolk Island,False,,NF,asia,east_asia_pacific
173,nga,g77,middle_income,lower_middle_income,True,NG,NGA,566.0,,coastline,10.0,8.0,,Nigeria,True,ssa,NG,africa,sub_saharan_africa
174,ngokar,others,,,True,,,,,,,,,Ngorno-Karabakh,False,,,europe,europe_central_asia
175,nic,g77,middle_income,lower_middle_income,True,NI,NIC,558.0,,coastline,13.0,-85.0,christian,Nicaragua,True,lac,NI,americas,america
176,niu,others,,,True,NU,NIU,570.0,,coastline,-19.03333,-169.86667,christian,Niue,False,,NU,asia,east_asia_pacific
177,nld,oecd,high_income,high_income,True,NL,NLD,528.0,,coastline,52.25,5.75,christian,Netherlands,True,eca,NL,europe,europe_central_asia
178,nld_curacao,others,high_income,high_income,True,CW,CUW,531.0,,coastline,12.16667,-68.96667,christian,Curaçao,False,,CW,americas,america
179,nor,oecd,high_income,high_income,True,NO,NOR,578.0,,coastline,62.0,10.0,christian,Norway,True,eca,NO,europe,europe_central_asia
180,npl,g77,low_income,low_income,True,NP,NPL,524.0,,landlocked,28.0,84.0,eastern_religions,Nepal,True,sa,NP,asia,south_asia
181,nru,others,middle_income,upper_middle_income,True,NR,NRU,520.0,,coastline,-0.517,166.933,christian,Nauru,True,eap,NR,asia,east_asia_pacific
182,nzl,oecd,high_income,high_income,True,NZ,NZL,554.0,,coastline,-42.0,174.0,christian,New Zealand,True,eap,NZ,asia,east_asia_pacific
183,omn,g77,high_income,high_income,True,OM,OMN,512.0,,coastline,21.0,57.0,muslim,Oman,True,mena,OM,asia,middle_east_north_africa
184,pak,g77,middle_income,lower_middle_income,True,PK,PAK,586.0,,coastline,30.0,70.0,muslim,Pakistan,True,sa,PK,asia,south_asia
185,pan,g77,high_income,high_income,True,PA,PAN,591.0,,coastline,8.9936,-79.51973,christian,Panama,True,lac,PA,americas,america
186,pcn,others,,,True,PN,PCN,612.0,,coastline,-25.06667,-130.1,christian,Pitcairn,False,,PN,asia,east_asia_pacific
187,per,g77,middle_income,upper_middle_income,True,PE,PER,604.0,,coastline,-10.0,-75.25,christian,Peru,True,lac,PE,americas,america
188,phl,g77,middle_income,lower_middle_income,True,PH,PHL,608.0,,coastline,13.0,122.0,christian,Philippines,True,eap,PH,asia,east_asia_pacific
189,plw,others,high_income,high_income,True,PW,PLW,585.0,,coastline,7.503,134.621,christian,Palau,True,eap,PW,asia,east_asia_pacific
190,png,g77,middle_income,lower_middle_income,True,PG,PNG,598.0,,coastline,-6.0,147.0,christian,Papua New Guinea,True,eap,PG,asia,east_asia_pacific
191,pol,oecd,high_income,high_income,True,PL,POL,616.0,,coastline,52.0,20.0,christian,Poland,True,eca,PL,europe,europe_central_asia
192,pri,others,high_income,high_income,True,PR,PRI,630.0,,coastline,18.46633,-66.10572,christian,Puerto Rico,False,,PR,americas,america
193,prk,g77,low_income,low_income,True,KP,PRK,408.0,,coastline,40.0,127.0,,North Korea,True,eap,KP,asia,east_asia_pacific
194,prt,oecd,high_income,high_income,True,PT,PRT,620.0,,coastline,39.6945,-8.13057,christian,Portugal,True,eca,PT,europe,europe_central_asia
195,pry,g77,middle_income,upper_middle_income,True,PY,PRY,600.0,,landlocked,-23.33333,-58.0,christian,Paraguay,True,lac,PY,americas,america
196,pse,g77,middle_income,lower_middle_income,True,PS,PSE,275.0,,coastline,31.92157,35.20329,muslim,Palestine,True,mena,PS,asia,middle_east_north_africa
197,pse_gaza,,,,True,,,,,,,,,Gaza Strip,False,,,asia,
198,pse_west_bank,,,,True,,,,,,,,,West Bank,False,,,asia,
199,pyf,others,high_income,high_income,True,PF,PYF,258.0,,coastline,-15.0,-140.0,christian,French Polynesia,False,,PF,asia,east_asia_pacific
200,qat,g77,high_income,high_income,True,QA,QAT,634.0,,coastline,25.27932,51.52245,muslim,Qatar,True,mena,QA,asia,middle_east_north_africa
201,reu,others,,,True,RE,REU,638.0,,coastline,-20.88231,55.4504,christian,Reunion,False,,RE,africa,sub_saharan_africa
202,rou,others,middle_income,upper_middle_income,True,RO,ROU,642.0,,coastline,46.0,25.0,christian,Romania,True,eca,RO,europe,europe_central_asia
203,rus,others,middle_income,upper_middle_income,True,RU,RUS,643.0,,coastline,60.0,100.0,christian,Russia,True,eca,RU,europe,europe_central_asia
204,rwa,g77,low_income,low_income,True,RW,RWA,646.0,,landlocked,-2.0,30.0,christian,Rwanda,True,ssa,RW,africa,sub_saharan_africa
205,sau,g77,high_income,high_income,True,SA,SAU,682.0,,coastline,25.0,45.0,muslim,Saudi Arabia,True,mena,SA,asia,middle_east_north_africa
206,scg,others,,,True,,,,,coastline,,,,Serbia and Montenegro,False,,,europe,europe_central_asia
207,scg_ex_kos,others,,,True,,,,,landlocked,,,,Serbia excluding Kosovo,False,,,europe,europe_central_asia
208,sdn,g77,middle_income,lower_middle_income,True,SD,SDN,729.0,,coastline,16.0,30.0,muslim,Sudan,True,ssa,SD,africa,sub_saharan_africa
209,sen,g77,middle_income,lower_middle_income,True,SN,SEN,686.0,,coastline,14.5,-14.25,muslim,Senegal,True,ssa,SN,africa,sub_saharan_africa
210,sgero_a_ssandw,,,,True,GS,SGS,239.0,,,,,,South Georgia and the South Sandwich Islands,False,,GS,americas,
211,sgp,g77,high_income,high_income,True,SG,SGP,702.0,,coastline,1.28967,103.85007,eastern_religions,Singapore,True,eap,SG,asia,east_asia_pacific
212,shn,others,,,True,SH,SHN,654.0,,coastline,-15.95,-5.7,christian,St. Helena,False,,SH,africa,sub_saharan_africa
213,sjm,others,,,True,SJ,SJM,744.0,,coastline,78.0,20.0,,Svalbard,False,,SJ,europe,europe_central_asia
214,slb,g77,middle_income,lower_middle_income,True,SB,SLB,90.0,,coastline,-8.0,159.0,christian,Solomon Islands,True,eap,SB,asia,east_asia_pacific
215,sle,g77,low_income,low_income,True,SL,SLE,694.0,,coastline,8.5,-11.5,,Sierra Leone,True,ssa,SL,africa,sub_saharan_africa
216,slv,g77,middle_income,lower_middle_income,True,SV,SLV,222.0,,coastline,13.83333,-88.91667,christian,El Salvador,True,lac,SV,americas,america
217,smr,others,high_income,high_income,True,SM,SMR,674.0,,landlocked,43.93667,12.44639,christian,San Marino,True,eca,SM,europe,europe_central_asia
218,som,g77,low_income,low_income,True,SO,SOM,706.0,,coastline,6.0,48.0,muslim,Somalia,True,ssa,SO,africa,sub_saharan_africa
219,som_somland,others,,,True,,,,,,,,,Somaliland,False,,,africa,sub_saharan_africa
220,sosset,others,,,True,,,,,,,,,South Ossetia,False,,,europe,europe_central_asia
221,spm,others,,,True,PM,SPM,666.0,,coastline,46.83333,-56.33333,christian,St.-Pierre-et-Miquelon,False,,PM,americas,america
222,srb,others,middle_income,upper_middle_income,True,RS,SRB,688.0,,landlocked,44.81892,20.45998,christian,Serbia,True,eca,RS,europe,europe_central_asia
223,ssd,,low_income,low_income,True,SS,SSD,728.0,,landlocked,7.5,30.0,,South Sudan,True,ssa,SS,africa,sub_saharan_africa
224,stbar,others,,,True,BL,BLM,652.0,,coastline,,,,St. Barthélemy,False,,BL,americas,america
225,stmar,others,,,True,,,,,coastline,,,,St. Martin,False,,,americas,america
226,stp,g77,middle_income,lower_middle_income,True,ST,STP,678.0,,coastline,1.0,7.0,christian,Sao Tome and Principe,True,ssa,ST,africa,sub_saharan_africa
227,sur,g77,middle_income,upper_middle_income,True,SR,SUR,740.0,,coastline,4.0,-56.0,christian,Suriname,True,lac,SR,americas,america
228,svk,oecd,high_income,high_income,True,SK,SVK,703.0,,landlocked,48.66667,19.5,christian,Slovak Republic,True,eca,SK,europe,europe_central_asia
229,svn,others,high_income,high_income,True,SI,SVN,705.0,,coastline,46.08333,15.0,christian,Slovenia,True,eca,SI,europe,europe_central_asia
230,swe,oecd,high_income,high_income,True,SE,SWE,752.0,,coastline,62.0,15.0,christian,Sweden,True,eca,SE,europe,europe_central_asia
231,swz,g77,middle_income,lower_middle_income,True,SZ,SWZ,748.0,,landlocked,-26.5,31.5,christian,Swaziland,True,ssa,SZ,africa,sub_saharan_africa
232,sxm,,high_income,high_income,True,SX,SXM,534.0,,,18.04167,-63.06667,,Sint Maarten (Dutch part),False,,SX,americas,
233,syc,g77,high_income,high_income,True,SC,SYC,690.0,,coastline,-4.58333,55.66667,christian,Seychelles,True,ssa,SC,africa,sub_saharan_africa
234,syr,g77,low_income,low_income,True,SY,SYR,760.0,,coastline,35.0,38.0,muslim,Syria,True,mena,SY,asia,middle_east_north_africa
235,tca,others,high_income,high_income,True,TC,TCA,796.0,,coastline,21.73333,-71.58333,christian,Turks and Caicos Islands,False,,TC,americas,america
236,tcd,g77,low_income,low_income,True,TD,TCD,148.0,,landlocked,15.0,19.0,muslim,Chad,True,ssa,TD,africa,sub_saharan_africa
237,tgo,g77,low_income,low_income,True,TG,TGO,768.0,,coastline,8.66667,1.08333,,Togo,True,ssa,TG,africa,sub_saharan_africa
238,tha,g77,middle_income,upper_middle_income,True,TH,THA,764.0,,coastline,15.5,101.0,eastern_religions,Thailand,True,eap,TH,asia,east_asia_pacific
239,tjk,others,low_income,low_income,True,TJ,TJK,762.0,,landlocked,39.0,71.0,muslim,Tajikistan,True,eca,TJ,asia,europe_central_asia
240,tkl,others,,,True,TK,TKL,772.0,,coastline,-9.167,-171.83,christian,Tokelau,False,,TK,asia,east_asia_pacific
241,tkm,g77,middle_income,upper_middle_income,True,TM,TKM,795.0,,landlocked,39.75,59.66667,muslim,Turkmenistan,True,eca,TM,asia,europe_central_asia
242,tls,g77,middle_income,lower_middle_income,True,TL,TLS,626.0,,coastline,-8.83333,125.75,christian,Timor-Leste,True,eap,TL,asia,east_asia_pacific
243,ton,g77,middle_income,upper_middle_income,True,TO,TON,776.0,,coastline,-20.0,-175.0,christian,Tonga,True,eap,TO,asia,east_asia_pacific
244,transn,others,,,True,,,,,,,,,Transnistria,False,,,europe,europe_central_asia
245,tto,g77,high_income,high_income,True,TT,TTO,780.0,,coastline,11.0,-61.0,christian,Trinidad and Tobago,True,lac,TT,americas,america
246,tun,g77,middle_income,lower_middle_income,True,TN,TUN,788.0,,coastline,34.0,9.0,muslim,Tunisia,True,mena,TN,africa,middle_east_north_africa
247,tur,oecd,middle_income,upper_middle_income,True,TR,TUR,792.0,,coastline,39.0,35.0,muslim,Turkey,True,eca,TR,europe,europe_central_asia
248,tuv,others,middle_income,upper_middle_income,True,TV,TUV,798.0,,coastline,-8.51719,179.14478,christian,Tuvalu,True,eap,TV,asia,east_asia_pacific
249,twn,others,high_income,high_income,True,TW,TWN,158.0,,coastline,24.0,121.0,eastern_religions,Taiwan,False,,TW,asia,east_asia_pacific
250,tza,g77,low_income,low_income,True,TZ,TZA,834.0,,coastline,-6.0,35.0,christian,Tanzania,True,ssa,TZ,africa,sub_saharan_africa
251,uga,g77,low_income,low_income,True,UG,UGA,800.0,,landlocked,1.25,32.5,christian,Uganda,True,ssa,UG,africa,sub_saharan_africa
252,ukr,others,middle_income,lower_middle_income,True,UA,UKR,804.0,,coastline,49.0,32.0,christian,Ukraine,True,eca,UA,europe,europe_central_asia
253,ury,g77,high_income,high_income,True,UY,URY,858.0,,coastline,-33.0,-56.0,christian,Uruguay,True,lac,UY,americas,america
254,usa,oecd,high_income,high_income,True,US,USA,840.0,,coastline,39.76,-98.5,christian,United States,True,na,US,americas,america
255,usa_minor_out_isl,,,,True,UM,UMI,581.0,US-UM,,,,,US Minor Outlying Islands,False,,UM,americas,
256,ussr,others,,,True,,,,,coastline,,,,USSR,False,,,europe,europe_central_asia
257,uzb,others,middle_income,lower_middle_income,True,UZ,UZB,860.0,,landlocked,41.66667,63.83333,muslim,Uzbekistan,True,eca,UZ,asia,europe_central_asia
258,vct,g77,middle_income,upper_middle_income,True,VC,VCT,670.0,,coastline,13.08333,-61.2,christian,St. Vincent and the Grenadines,True,lac,VC,americas,america
259,ven,g77,middle_income,upper_middle_income,True,VE,VEN,862.0,,coastline,8.0,-66.0,christian,Venezuela,True,lac,VE,americas,america
260,vgb,others,high_income,high_income,True,VG,VGB,92.0,,coastline,18.5,-64.5,christian,British Virgin Islands,False,,VG,americas,america
261,vir,others,high_income,high_income,True,VI,VIR,850.0,,coastline,18.34829,-64.98348,christian,Virgin Islands (U.S.),False,,VI,americas,america
262,vnm,g77,middle_income,lower_middle_income,True,VN,VNM,704.0,,coastline,16.16667,107.83333,eastern_religions,Vietnam,True,eap,VN,asia,east_asia_pacific
263,vut,g77,middle_income,lower_middle_income,True,VU,VUT,548.0,,coastline,-16.0,167.0,christian,Vanuatu,True,eap,VU,asia,east_asia_pacific
264,wlf,others,,,True,WF,WLF,876.0,,coastline,-13.3,-176.2,christian,Wallis et Futuna,False,,WF,asia,east_asia_pacific
265,wsm,g77,middle_income,upper_middle_income,True,WS,WSM,882.0,,coastline,-13.8,-172.13333,christian,Samoa,True,eap,WS,asia,east_asia_pacific
266,yem,g77,low_income,low_income,True,YE,YEM,887.0,,coastline,15.5,47.5,muslim,Yemen,True,mena,YE,asia,middle_east_north_africa
267,yem_north,others,,,True,,,,,coastline,,,,North Yemen (former),False,,,asia,middle_east_north_africa
268,yem_south,others,,,True,,,,,coastline,,,,South Yemen (former),False,,,asia,middle_east_north_africa
269,yug,others,,,True,,,,,coastline,,,,Yugoslavia,False,,,europe,europe_central_asia
270,zaf,g77,middle_income,upper_middle_income,True,ZA,ZAF,710.0,,coastline,-29.0,24.0,christian,South Africa,True,ssa,ZA,africa,sub_saharan_africa
271,zmb,g77,middle_income,lower_middle_income,True,ZM,ZMB,894.0,,landlocked,-14.33333,28.5,christian,Zambia,True,ssa,ZM,africa,sub_saharan_africa
272,zwe,g77,middle_income,lower_middle_income,True,ZW,ZWE,716.0,,landlocked,-19.0,29.75,christian,Zimbabwe,True,ssa,ZW,africa,sub_saharan_africa
